User,Task,Question
User 1: A small business owner in Canada,Understanding tax obligations for employee compensation.,"How does the Act’s definitional approach in sections 5 and 6, which combines a broad initial inclusion of ""salary, wages and other remuneration"" with a detailed list of specific benefits, reflect an overarching legislative strategy to capture all forms of economic value an employee receives?"
User 1: A small business owner in Canada,Understanding tax obligations for employee compensation.,What are the overarching principles that determine whether a benefit provided to an employee is considered a taxable benefit?
User 1: A small business owner in Canada,Understanding tax obligations for employee compensation.,"Based on the text, what is the conceptual difference between a tax-free allowance and a taxable benefit in the context of employee expenses?"
User 1: A small business owner in Canada,Understanding tax obligations for employee compensation.,How does the Act's treatment of automobile benefits reflect a broader policy of taxing non-cash employment perks?
User 1: A small business owner in Canada,Structuring travel and expense reimbursements tax-efficiently.,"Across the various exceptions for travel and living allowances in subsection 6(1)(b), what is the consistent underlying principle the Act uses to distinguish between a legitimate, non-taxable reimbursement for business-related costs and a disguised form of personal remuneration?"
User 1: A small business owner in Canada,Structuring travel and expense reimbursements tax-efficiently.,"How does the Act's treatment of allowances for employees who sell property or negotiate contracts differ from the rules for other employees, and what is the underlying logic?"
User 1: A small business owner in Canada,Structuring travel and expense reimbursements tax-efficiently.,"How do the specific deduction rules for travel expenses interact with the income inclusion rules in section 6 to create a coherent (or incoherent) system for taxing employees who must travel for work, and what does this reveal about the Act’s overall design philosophy?"
User 1: A small business owner in Canada,Structuring travel and expense reimbursements tax-efficiently.,"How does the concept of a ""special work site"" create a different set of rules for board, lodging, and transportation, and what policy objective does this serve?"
User 1: A small business owner in Canada,Evaluating the tax implications of offering a company car.,"How does the detailed and formulaic approach for the ""standby charge"" in subsection 6(2) exemplify the Act's broader strategy of creating specific, often complex, valuation rules to prevent the undervaluation of non-cash benefits?"
User 1: A small business owner in Canada,Evaluating the tax implications of offering a company car.,"How does the distinction between ""personal use"" and ""employment use"" of a vehicle in paragraphs 6(1)(e) and 6(1)(k) reflect a foundational principle of the entire Act: the separation of income-earning activities from personal consumption?"
User 1: A small business owner in Canada,Evaluating the tax implications of offering a company car.,"What is the conceptual relationship between the ""standby charge"" and the ""operating expense benefit,"" and how do they work together to capture the total value of the automobile benefit?"
User 1: A small business owner in Canada,Evaluating the tax implications of offering a company car.,How do the special rules for automobile salespersons reflect a different understanding of how vehicles are used in that specific industry?
User 1: A small business owner in Canada,Setting up and managing employee profit-sharing and benefit plans.,"What overarching policy objective is revealed by the Act's general pattern of allowing immediate deductions for employer contributions to registered plans (like pension or DPSP) while deferring the tax for employees, compared to the immediate taxation of salary?"
User 1: A small business owner in Canada,Setting up and managing employee profit-sharing and benefit plans.,"Across the various plan types mentioned in section 6 (DPSP, employee benefit plan, employee trust, salary deferral arrangement), what are the recurring structural features that the Act uses to distinguish between sanctioned, tax-deferred savings vehicles and arrangements considered to be improper tax avoidance?"
User 1: A small business owner in Canada,Setting up and managing employee profit-sharing and benefit plans.,"How does the formula in paragraph 6(1)(f) for taxing group sickness or accident plan benefits, which nets out employee contributions, illustrate a broader principle in the Act of taxing only the net economic benefit an employee receives from an employer-funded plan?"
User 1: A small business owner in Canada,Setting up and managing employee profit-sharing and benefit plans.,"How does the Act's treatment of contributions to various registered plans (pension, health services, etc.) encourage employers to provide these types of benefits?"
User 1: A small business owner in Canada,Understanding the tax consequences of forgiving an employee loan.,"How does the Act's decision to treat a forgiven employee loan as a taxable benefit under section 6, rather than solely as debt forgiveness under section 80, demonstrate a guiding principle of assigning income to its most specific source (i.e., employment)?"
User 1: A small business owner in Canada,Understanding the tax consequences of forgiving an employee loan.,"By cross-referencing the ""forgiven amount"" definition from section 80, how does the Act demonstrate an architectural principle of integrating specialized rule sets (like debt forgiveness) into broader application sections (like employment income) to ensure consistency?"
User 1: A small business owner in Canada,Understanding the tax consequences of forgiving an employee loan.,How does the deeming rule in subsection 80.4(1) for low-interest loans work in concert with the debt forgiveness rule in subsection 6(15) to create a comprehensive framework that captures the full spectrum of economic benefits an employee can derive from employer-provided financing?
User 1: A small business owner in Canada,Understanding the tax consequences of forgiving an employee loan.,"What broader policy about the nature of employment relationships is suggested by the Act's consistent treatment of both low-interest loans and forgiven loans as forms of remuneration, rather than as separate capital transactions?"
User 2: A tax lawyer advising corporate clients.,"Analyzing the definition of ""income"" for a taxpayer.","How does the architectural design of section 3, which starts with a global aggregation of income from all sources and then permits specific deductions, establish a foundational ""presumption of inclusion"" for all economic gains, and what does this imply about the burden of proof for taxpayers seeking deductions?"
User 2: A tax lawyer advising corporate clients.,"Analyzing the definition of ""income"" for a taxpayer.","What is the conceptual role of Division C and Division D in the Act's overall structure, and how do they systemically refine the broad concept of ""income"" (Division B) into the specific, legally operative concepts of ""taxable income"" and ""taxable income earned in Canada""?"
User 2: A tax lawyer advising corporate clients.,"Analyzing the definition of ""income"" for a taxpayer.","What fundamental principles about risk, investment, and economic activity are revealed by the Act's distinct structural treatment of capital gains (netted and included at a specific rate) versus income from business or property (fully included, with losses generally being fully deductible)?"
User 2: A tax lawyer advising corporate clients.,"Analyzing the definition of ""income"" for a taxpayer.","What is the overarching principle behind the rule in paragraph 3(f) that deems a taxpayer's income to be zero in certain cases, and what does this imply about the nature of ""income"" for tax purposes?"
User 2: A tax lawyer advising corporate clients.,Determining the source of income for a multinational corporation.,"By applying a ""wholly applicable"" versus a ""reasonably... applicable"" standard in section 4, what underlying legal and economic principles does the Act establish for connecting an expense to a particular source of income, and how does this framework manage the complexity of multi-jurisdictional businesses?"
User 2: A tax lawyer advising corporate clients.,Determining the source of income for a multinational corporation.,How does the Act’s two-tiered approach to sourcing—first allocating income to a source (subsection 4(1)(a)) and then to a place (subsection 4(1)(b))—create a flexible yet principled framework for applying Canada’s tax rules in a globalized economy?
User 2: A tax lawyer advising corporate clients.,Determining the source of income for a multinational corporation.,"What larger policy objective do the special modifications in subsection 4(3) serve within the Act's international tax scheme, and how do they show the Act balancing the principle of source-based taxation with the need to provide relief from double taxation?"
User 2: A tax lawyer advising corporate clients.,Determining the source of income for a multinational corporation.,How does the Act's framework for sourcing income from a business carried on in multiple places provide a basis for resolving international tax disputes?
User 2: A tax lawyer advising corporate clients.,Advising on the tax implications of executive compensation packages.,"How does the phrase ""benefits of any kind whatever"" in paragraph 6(1)(a) function as a dynamic, anti-avoidance tool that allows the Act's definition of employment income to evolve with changing compensation practices without requiring constant legislative amendment?"
User 2: A tax lawyer advising corporate clients.,Advising on the tax implications of executive compensation packages.,"What is the underlying policy reason for the exceptions to the general rule about taxable benefits, such as those for certain counselling services or education-related benefits?"
User 2: A tax lawyer advising corporate clients.,Advising on the tax implications of executive compensation packages.,"How does the Act's treatment of ""salary deferral arrangements"" aim to prevent the deferral of tax on employment income, and what are the key features of these arrangements?"
User 2: A tax lawyer advising corporate clients.,Advising on the tax implications of executive compensation packages.,"By comparing the treatment of ""retirement compensation arrangements,"" ""employee benefit plans,"" and ""salary deferral arrangements,"" what overarching legislative strategy emerges for distinguishing between legitimate, policy-supported deferred compensation and arrangements that are viewed as unacceptable tax avoidance?"
User 2: A tax lawyer advising corporate clients.,"Interpreting the rules for ""at arm's length"" and ""not at arm's length"" transactions.","How does the recurring application of the ""arm's length"" and ""not at arm's length"" distinction across various provisions in section 6 (e.g., benefits, auto use) reveal a fundamental architectural principle of the Act designed to preserve the integrity of the tax base against value-shifting among related parties?"
User 2: A tax lawyer advising corporate clients.,"Interpreting the rules for ""at arm's length"" and ""not at arm's length"" transactions.",What is the recurring principle in the Act that imputes a benefit to a taxpayer even when the benefit is received by a person who does not deal at arm's length with the taxpayer?
User 2: A tax lawyer advising corporate clients.,"Interpreting the rules for ""at arm's length"" and ""not at arm's length"" transactions.",How does the deeming rule in subsection 6(1.2) for employee benefit plans illustrate the Act's approach to preventing income splitting with non-arm's length individuals?
User 2: A tax lawyer advising corporate clients.,"Interpreting the rules for ""at arm's length"" and ""not at arm's length"" transactions.",What is the underlying logic for the Act's focus on non-arm's length relationships when determining the tax consequences of making an automobile available to an employee's relative?
User 2: A tax lawyer advising corporate clients.,Structuring agreements with departing employees.,"By analyzing the deeming rule in subsection 6(3), what can be inferred about the Act's underlying policy on the characterization of payments at the end of an employment relationship, and how does it prioritize substance over legal form?"
User 2: A tax lawyer advising corporate clients.,Structuring agreements with departing employees.,"What is the broader jurisprudential function of the ""reasonableness"" test within subsection 6(3), and how does it serve as a flexible standard that allows the law to adapt to diverse and complex termination scenarios?"
User 2: A tax lawyer advising corporate clients.,Structuring agreements with departing employees.,"How does the evolution of the rules for taxing payments for ""covenants"" (as seen in subsection 6(3.1)) reflect a broader trend in tax legislation of responding to and closing perceived loopholes created by sophisticated tax planning?"
User 2: A tax lawyer advising corporate clients.,Structuring agreements with departing employees.,"What fundamental principle about the temporal scope of employment is established by the deeming rule in subsection 6(3), which links payments made after termination back to the employment period?"
User 3: A Human Resources (HR) manager designing compensation and benefits policies.,Developing a policy on employee allowances.,"Across the various allowance provisions in subsection 6(1)(b), what consistent policy logic determines when the Act favors a strict reimbursement model versus allowing for non-taxable, ""reasonable"" allowances, and what does this suggest about the government's view on administrative simplicity versus precise measurement?"
User 3: A Human Resources (HR) manager designing compensation and benefits policies.,Developing a policy on employee allowances.,"How does the concept of ""reasonableness"" function as a guiding principle in determining the taxability of various employee allowances?"
User 3: A Human Resources (HR) manager designing compensation and benefits policies.,Developing a policy on employee allowances.,"What are the overarching categories of allowances that the Act explicitly exempts from income, and what do these exemptions suggest about the government's policy priorities?"
User 3: A Human Resources (HR) manager designing compensation and benefits policies.,Developing a policy on employee allowances.,"What broader principle about the fungibility of money is reflected in the Act's general preference for per-kilometre motor vehicle allowances over flat-amount allowances, as detailed in subparagraphs 6(1)(b)(x) and (xi)?"
User 3: A Human Resources (HR) manager designing compensation and benefits policies.,Creating a wellness program with tax-efficient benefits.,"What is the conceptual basis for the exemption of benefits derived from an employer's contributions to a ""private health services plan""?"
User 3: A Human Resources (HR) manager designing compensation and benefits policies.,Creating a wellness program with tax-efficient benefits.,"By comparing the explicit exemption for mental and physical health counselling in subparagraph 6(1)(a)(iv) with the general taxation of other wellness benefits, what can be inferred about the government's evolving policy stance on the role of employers in promoting employee health?"
User 3: A Human Resources (HR) manager designing compensation and benefits policies.,Creating a wellness program with tax-efficient benefits.,"What is the key distinction between a taxable benefit and a non-taxable benefit when an employer provides recreational facilities or club memberships to employees? (Note: The answer is not explicitly in the text, but the principles can be derived from the general benefit provision.)"
User 3: A Human Resources (HR) manager designing compensation and benefits policies.,Creating a wellness program with tax-efficient benefits.,"How does the exception for ""group sickness or accident insurance plans"" fit into the broader framework of encouraging employer-provided health and disability coverage?"
User 3: A Human Resources (HR) manager designing compensation and benefits policies.,Administering benefits for employees with disabilities.,What is the overarching policy objective behind the specific exemptions in subsection 6(16) for disability-related employment benefits?
User 3: A Human Resources (HR) manager designing compensation and benefits policies.,Administering benefits for employees with disabilities.,"How does the Act's definition of disability, by cross-referencing section 118.3, create a consistent standard for accessing these employment-related tax benefits?"
User 3: A Human Resources (HR) manager designing compensation and benefits policies.,Administering benefits for employees with disabilities.,"What broader social policy is reflected in the Act's decision to provide a specific tax exemption for transportation and attendant care for employees with disabilities (subsection 6(16)), rather than treating these as general medical expenses?"
User 3: A Human Resources (HR) manager designing compensation and benefits policies.,Administering benefits for employees with disabilities.,How does the provision for an attendant to assist an employee with a disability reflect a broader principle of removing barriers to employment?
User 3: A Human Resources (HR) manager designing compensation and benefits policies.,Implementing an education assistance program for employees' children.,"By analyzing the set of conditions in subparagraph 6(1)(a)(vi), what can we infer about the Act’s model for an ideal, non-taxable educational assistance program, and what specific forms of abuse are these conditions designed to prevent?"
User 3: A Human Resources (HR) manager designing compensation and benefits policies.,Implementing an education assistance program for employees' children.,"How does the ""arm's length"" requirement in this provision help to ensure that the program is a legitimate educational benefit and not a disguised form of remuneration?"
User 3: A Human Resources (HR) manager designing compensation and benefits policies.,Implementing an education assistance program for employees' children.,"What is the underlying logic of the requirement that the benefit not be a ""substitute for salary, wages or other remuneration""?"
User 3: A Human Resources (HR) manager designing compensation and benefits policies.,Implementing an education assistance program for employees' children.,How does the special rule for children's school allowances in subparagraph 6(1)(b)(ix) address the challenges faced by employees who are required to relocate for work?
User 3: A Human Resources (HR) manager designing compensation and benefits policies.,Managing the tax implications of remote work arrangements.,"How does the detailed definition of ""special work site"" in subsection 6(6), with its criteria of temporariness, distance, and the maintenance of a principal residence, create a conceptual model that distinguishes between a standard commute and a work-driven displacement requiring special tax relief?"
User 3: A Human Resources (HR) manager designing compensation and benefits policies.,Managing the tax implications of remote work arrangements.,"What is the underlying principle, evident in the rules for ""special work sites,"" that justifies the non-taxable provision of board, lodging, and transportation, and how does this principle differentiate these expenses from an employee's normal, personal living costs?"
User 3: A Human Resources (HR) manager designing compensation and benefits policies.,Managing the tax implications of remote work arrangements.,"How does the ""36-hour rule"" in subsection 6(6) function not just as a time-based threshold, but as a key element in the Act’s conceptual framework for determining when a work assignment fundamentally alters an employee’s living situation away from their ""principal place of residence""?"
User 3: A Human Resources (HR) manager designing compensation and benefits policies.,Managing the tax implications of remote work arrangements.,"What is the underlying principle that allows for non-taxable transportation benefits for employees at remote work sites, and how does this differ from a regular commuting allowance?"
User 4: A financial planner advising clients on retirement and investment income.,Explaining the tax treatment of different income sources.,"How does the Act fundamentally categorize income into different ""sources"" (e.g., office, employment, business, property), and why is this categorization important?"
User 4: A financial planner advising clients on retirement and investment income.,Explaining the tax treatment of different income sources.,What are the underlying economic and policy assumptions that justify the Act's fundamentally different computational frameworks for income from employment (a 'gross receipt' basis under section 5) versus income from business or property (a 'net profit' basis)?
User 4: A financial planner advising clients on retirement and investment income.,Explaining the tax treatment of different income sources.,What core principles regarding risk and investment are revealed by the Act's distinct treatment of taxable capital gains (which are netted against capital losses and included at a preferential rate) compared to the treatment of income from other sources?
User 4: A financial planner advising clients on retirement and investment income.,Explaining the tax treatment of different income sources.,"What is the overarching principle that allows for the deduction of losses from one source (e.g., business) against income from another source (e.g., employment)?"
User 4: A financial planner advising clients on retirement and investment income.,Advising on the use of deferred compensation arrangements.,"What is the core principle behind the taxation of ""salary deferral arrangements,"" and what tax-planning objective are these rules designed to counteract?"
User 4: A financial planner advising clients on retirement and investment income.,Advising on the use of deferred compensation arrangements.,"How does the Act distinguish between a ""salary deferral arrangement"" and a registered pension plan, and why is this distinction critical for retirement planning?"
User 4: A financial planner advising clients on retirement and investment income.,Advising on the use of deferred compensation arrangements.,"What is the underlying logic for deeming a deferred amount to be received in the year the right to receive it arises, rather than when it is actually paid?"
User 4: A financial planner advising clients on retirement and investment income.,Advising on the use of deferred compensation arrangements.,How does the treatment of interest or other amounts accruing on a deferred amount reinforce the Act's policy of preventing tax deferral?
User 4: A financial planner advising clients on retirement and investment income.,Analyzing the tax efficiency of employee stock option plans.,"How does the Act’s foundational approach in sections 5 and 6, which includes all benefits “in respect of, in the course of, or by virtue of” employment, provide a flexible and enduring framework for taxing novel forms of compensation like stock options, even before specific rules like Section 7 are considered?"
User 4: A financial planner advising clients on retirement and investment income.,Analyzing the tax efficiency of employee stock option plans.,"What is the conceptual reason that a benefit related to the acquisition of a share would be considered employment income, rather than a capital gain?"
User 4: A financial planner advising clients on retirement and investment income.,Analyzing the tax efficiency of employee stock option plans.,How does the interaction between the employment income inclusion for stock option benefits and the eventual capital gains calculation upon the sale of the shares demonstrate a key architectural principle of the Act: the segregation and separate taxation of different economic gains arising from the same asset?
User 4: A financial planner advising clients on retirement and investment income.,Analyzing the tax efficiency of employee stock option plans.,"Beyond specific rules, how does the pervasive ""arm's length"" principle function as a background anti-avoidance rule that would inform the interpretation of transactions involving employee stock options, particularly in closely-held corporations?"
User 4: A financial planner advising clients on retirement and investment income.,Planning for the tax implications of receiving a retiring allowance.,"By observing where ""retiring allowance"" is included and excluded throughout the Act, what can be inferred about its unique conceptual status as a payment that is neither pure employment income nor a pure capital receipt, and how does this ambiguity create both planning opportunities and risks?"
User 4: A financial planner advising clients on retirement and investment income.,Planning for the tax implications of receiving a retiring allowance.,"In the context of subsection 6(3), what broader legal principles of contract and employment law are implicitly imported into the tax analysis to determine whether a payment upon termination is a bona fide retiring allowance or simply disguised remuneration for past services?"
User 4: A financial planner advising clients on retirement and investment income.,Planning for the tax implications of receiving a retiring allowance.,"How does the deduction for legal expenses incurred to collect a retiring allowance (found later in the Act, but hinted at by the structure of section 8 and the inclusion of reimbursements in 6(1)(j)) fit into the overall scheme of taxing net income?"
User 4: A financial planner advising clients on retirement and investment income.,Planning for the tax implications of receiving a retiring allowance.,"What does the Act's creation of a separate ""death benefit"" category, with its own specific rules and limits, suggest about the policy motivations for treating payments to a deceased employee's estate differently from a standard retiring allowance?"
User 4: A financial planner advising clients on retirement and investment income.,Advising a client who is moving to or from Canada for work.,How do the distinct taxing provisions for residents (subsection 2(1)) and non-residents (subsection 2(3)) work together to create a comprehensive jurisdictional framework based on the two fundamental pillars of international taxation: residence and source?
User 4: A financial planner advising clients on retirement and investment income.,Advising a client who is moving to or from Canada for work.,"How does the source rule framework in section 4, which allocates employment income to the place where duties are performed, serve as the foundational principle for resolving jurisdictional taxing rights between Canada and other countries under tax treaties?"
User 4: A financial planner advising clients on retirement and investment income.,Advising a client who is moving to or from Canada for work.,What is the policy rationale for the exemption in subsection 6(13) for salary deferral arrangements established for non-resident employees performing services outside Canada?
User 4: A financial planner advising clients on retirement and investment income.,Advising a client who is moving to or from Canada for work.,How does the exception for representation allowances for individuals absent from Canada on government service illustrate the principle of adjusting tax rules for employees working abroad?
User 5: A university student studying tax law or accounting.,Understanding the fundamental structure of the Income Tax Act.,How does the progression from Division A (Tax Payable) to Division B (Computation of Income) establish a logical hierarchy for calculating a taxpayer's liability?
User 5: A university student studying tax law or accounting.,Understanding the fundamental structure of the Income Tax Act.,"What is the conceptual role of Division C and Division D, as referenced in section 2, in the overall architecture of the Act?"
User 5: A university student studying tax law or accounting.,Understanding the fundamental structure of the Income Tax Act.,"How does the structure of section 3, with its paragraphs (a) through (f), provide a ""road map"" or formula for the calculation of income for a taxation year?"
User 5: A university student studying tax law or accounting.,Understanding the fundamental structure of the Income Tax Act.,"What is the organizing principle behind the use of Subdivisions (e.g., Subdivision A for Income from Office or Employment) within the broader Divisions?"
User 5: A university student studying tax law or accounting.,Learning the key principles of income inclusion.,"What is the overarching principle of ""income from a source"" as established in section 3, and how does it form the foundation of the Canadian tax base?"
User 5: A university student studying tax law or accounting.,Learning the key principles of income inclusion.,"How does the phrase ""without restricting the generality of the foregoing"" in paragraph 3(a) signal the broad, encompassing nature of what constitutes income?"
User 5: A university student studying tax law or accounting.,Learning the key principles of income inclusion.,"What is the conceptual difference between an ""amount received"" and a ""benefit received or enjoyed,"" and why does the Act use both phrases?"
User 5: A university student studying tax law or accounting.,Learning the key principles of income inclusion.,"How does the Act use ""deeming rules"" (e.g., in subsection 6(3) or 6(11)) to bring amounts into income that might not otherwise be considered as such?"
User 5: A university student studying tax law or accounting.,Comparing and contrasting different types of income.,"What fundamental assumptions about the nature of employment versus commerce are embedded in the Act’s textual choice to define employment income based on ""salary, wages and other remuneration"" (section 5) versus the much broader ""income from a source"" concept (section 3) that applies to business and property?"
User 5: A university student studying tax law or accounting.,Comparing and contrasting different types of income.,What does the Act's structural allowance for losses from business or property (paragraph 3(d)) versus the near-impossibility of a loss from employment (subsection 5(2)) reveal about the inherent risk profiles the tax system attributes to these different economic activities?
User 5: A university student studying tax law or accounting.,Comparing and contrasting different types of income.,"How does the Act's use of the term ""remuneration"" in section 5, as opposed to the broader term ""income,"" signal a specific legislative focus on the direct rewards for services rendered, and how does this shape the entire conceptual framework of Subdivision A?"
User 5: A university student studying tax law or accounting.,Comparing and contrasting different types of income.,"What does the legislative strategy of providing a highly detailed, non-exhaustive list of inclusions for employment income in section 6, compared to the more general 'profit-computation' rules for business income, suggest about the perceived potential for disguised remuneration in the employment context?"
User 5: A university student studying tax law or accounting.,"Analyzing the role of ""reasonableness"" in tax law.","How does the recurring use of the term ""reasonable"" (e.g., ""reasonable allowances,"" ""reasonable standby charge"") introduce an element of objectivity and fairness into the Act's application?"
User 5: A university student studying tax law or accounting.,"Analyzing the role of ""reasonableness"" in tax law.","What is the conceptual difference between a rule that sets a specific monetary limit and one that relies on a ""reasonableness"" standard?"
User 5: A university student studying tax law or accounting.,"Analyzing the role of ""reasonableness"" in tax law.","How does the Act provide guidance on what is ""reasonable"" in some contexts (e.g., the formula for a reasonable standby charge) while leaving it open in others (e.g., reasonable travel allowances)?"
User 5: A university student studying tax law or accounting.,"Analyzing the role of ""reasonableness"" in tax law.","What is the underlying legal and policy function of the ""reasonableness"" test in subsection 6(3) concerning payments on termination of employment?"
User 5: A university student studying tax law or accounting.,Tracing the flow of a single amount through the tax calculation.,"By tracing a single economic benefit, like the personal use of a company car, how do the cascading and interacting rules of section 3 (aggregation), section 5 (inclusion as employment income), and section 6 (specific valuation) demonstrate the Act's architectural approach of moving from general principles to specific applications?"
User 5: A university student studying tax law or accounting.,Tracing the flow of a single amount through the tax calculation.,"How does the relationship between a broad inclusion rule (like paragraph 6(1)(a)) and a specific exception (like for a private health services plan) illustrate the Act's core legislative pattern of establishing a wide tax base and then carving out specific, policy-driven exceptions?"
User 5: A university student studying tax law or accounting.,Tracing the flow of a single amount through the tax calculation.,"How does the conceptual possibility of a ""loss"" from employment, as contemplated by subsection 5(2), serve as a structural counterpoint to the income inclusion rule in subsection 5(1), thereby ensuring the formula in section 3 functions symmetrically for both gains and losses?"
User 5: A university student studying tax law or accounting.,Tracing the flow of a single amount through the tax calculation.,"How does the transition from ""income"" (Division B) to ""taxable income"" (Division C) represent a fundamental shift in the Act's focus, moving from a measure of economic gain to a measure of ability to pay that reflects broader social and economic policy goals (e.g., through personal deductions)?"
